"Type","Link","File","Country","Source"
"Hardcoded Link","/ui-ux-design-agency-in-newcastle-australia","ui-ux-design-agency-in-newcastle-australia.php","","ui-ux-design-agency-in-sydney-australia.php"
"Hardcoded Link","/ui-ux-design-agency-in-wollongong-australia","ui-ux-design-agency-in-wollongong-australia.php","","ui-ux-design-agency-in-sydney-australia.php"
"Hardcoded Link","/ui-ux-design-agency-in-central-coast-australia","ui-ux-design-agency-in-central-coast-australia.php","","ui-ux-design-agency-in-sydney-australia.php"
"Hardcoded Link","/ui-ux-design-agency-in-parramatta-australia","ui-ux-design-agency-in-parramatta-australia.php","","ui-ux-design-agency-in-sydney-australia.php"
"Hardcoded Link","/ui-ux-design-agency-in-liverpool-australia","ui-ux-design-agency-in-liverpool-australia.php","","ui-ux-design-agency-in-sydney-australia.php"
"Hardcoded Link","/ui-ux-design-agency-in-penrith-australia","ui-ux-design-agency-in-penrith-australia.php","","ui-ux-design-agency-in-sydney-australia.php"
"Hardcoded Link","/ui-ux-design-agency-in-orange-australia","ui-ux-design-agency-in-orange-australia.php","","ui-ux-design-agency-in-sydney-australia.php"
"Hardcoded Link","/ui-ux-design-agency-in-blue-mountains-australia","ui-ux-design-agency-in-blue-mountains-australia.php","","ui-ux-design-agency-in-sydney-australia.php"
"Hardcoded Link","/ui-ux-design-agency-in-western-australia","ui-ux-design-agency-in-western-australia.php","","ui-ux-design-agency-in-sydney-australia.php"
"Hardcoded Link","/ui-ux-design-agency-in-south-australia","ui-ux-design-agency-in-south-australia.php","","ui-ux-design-agency-in-sydney-australia.php"
"Hardcoded Link","/ui-ux-design-agency-in-australian-capital-territory","ui-ux-design-agency-in-australian-capital-territory.php","","ui-ux-design-agency-in-sydney-australia.php"
"Hardcoded Link","/ui-ux-design-agency-in-melbourne-australia","ui-ux-design-agency-in-melbourne-australia.php","","ui-ux-design-agency-in-sydney-australia.php"
"Hardcoded Link","/ui-ux-design-agency-in-brisbane-australia","ui-ux-design-agency-in-brisbane-australia.php","","ui-ux-design-agency-in-sydney-australia.php"
"Hardcoded Link","/ui-ux-design-agency-in-perth-australia","ui-ux-design-agency-in-perth-australia.php","","ui-ux-design-agency-in-sydney-australia.php"
"Hardcoded Link","/ui-ux-design-agency-in-adelaide-australia","ui-ux-design-agency-in-adelaide-australia.php","","ui-ux-design-agency-in-sydney-australia.php"
"Hardcoded Link","/ui-ux-design-agency-in-canberra-australia","ui-ux-design-agency-in-canberra-australia.php","","ui-ux-design-agency-in-sydney-australia.php"
"Hardcoded Link","/ui-ux-design-agency-in-gold-coast-australia","ui-ux-design-agency-in-gold-coast-australia.php","","ui-ux-design-agency-in-sydney-australia.php"
"Hardcoded Link","/ui-ux-design-agency-in-newcastle-australia","ui-ux-design-agency-in-newcastle-australia.php","","ui-ux-design-agency-in-sydney-australia.php"
"Hardcoded Link","/ui-ux-design-agency-in-wollongong-australia","ui-ux-design-agency-in-wollongong-australia.php","","ui-ux-design-agency-in-sydney-australia.php"
"Hardcoded Link","/ui-ux-design-agency-in-central-coast-australia","ui-ux-design-agency-in-central-coast-australia.php","","ui-ux-design-agency-in-sydney-australia.php"
"Hardcoded Link","/ui-ux-design-agency-in-parramatta-australia","ui-ux-design-agency-in-parramatta-australia.php","","ui-ux-design-agency-in-sydney-australia.php"
"Hardcoded Link","/ui-ux-design-agency-in-geelong-australia","ui-ux-design-agency-in-geelong-australia.php","","ui-ux-design-agency-in-sydney-australia.php"
"Hardcoded Link","/ui-ux-design-agency-in-hobart-australia","ui-ux-design-agency-in-hobart-australia.php","","ui-ux-design-agency-in-sydney-australia.php"
"Hardcoded Link","/ui-ux-design-agency-in-darwin-australia","ui-ux-design-agency-in-darwin-australia.php","","ui-ux-design-agency-in-sydney-australia.php"
"Hardcoded Link","/ui-ux-design-agency-in-sunshine-coast-australia","ui-ux-design-agency-in-sunshine-coast-australia.php","","ui-ux-design-agency-in-sydney-australia.php"
"Hardcoded Link","/ui-ux-design-agency-in-cairns-australia","ui-ux-design-agency-in-cairns-australia.php","","ui-ux-design-agency-in-sydney-australia.php"
"Hardcoded Link","/ui-ux-design-agency-in-townsville-australia","ui-ux-design-agency-in-townsville-australia.php","","ui-ux-design-agency-in-sydney-australia.php"
"Hardcoded Link","/ui-ux-design-agency-in-toowoomba-australia","ui-ux-design-agency-in-toowoomba-australia.php","","ui-ux-design-agency-in-sydney-australia.php"
"Hardcoded Link","/ui-ux-design-agency-in-ballarat-australia","ui-ux-design-agency-in-ballarat-australia.php","","ui-ux-design-agency-in-sydney-australia.php"
"Hardcoded Link","/ui-ux-design-agency-in-bendigo-australia","ui-ux-design-agency-in-bendigo-australia.php","","ui-ux-design-agency-in-sydney-australia.php"
